{"cameraMode":{"drawMode":0,"name":"Shaded","section":"Shading Mode"},"sceneLighting":true,"audioPlay":false,"sceneViewState":{"m_AlwaysRefresh":false,"showFog":true,"showSkybox":true,"showFlares":true,"showImageEffects":true,"showParticleSystems":true,"showVisualEffectGraphs":true,"m_FxEnabled":true},"in2DMode":false,"pivot":{"x":-1.9933691024780274,"y":-2.8219707012176515,"z":17.59583282470703},"rotation":{"x":-0.15648820996284486,"y":0.4365147352218628,"z":-0.07745736837387085,"w":-0.8825827836990356},"size":10.744590759277344,"orthographic":false}